BenchmarkState,NumQueries,Loaded,Required,Requested,Headers
0,1,10748074,10737578,377,1404
1,1,2147483818,2147483818,107,490
0,2,21504170,21474986,514,1869
1,2,2147483818,2147483818,107,490
0,4,42991786,42949802,788,2799
1,4,2147483818,2147483818,107,490
0,8,85942442,85868074,1338,4659
1,8,2147483818,2147483818,107,490
0,16,159113386,158985818,2431,8396
1,16,2147483818,2147483818,107,490
0,32,315531434,315278922,4493,15370
1,32,2147483818,2147483818,107,490
0,64,588226730,587851642,9001,30699
1,64,2147483818,2147483818,107,490
0,128,1003229354,1002654458,17220,58558
1,128,2147483818,2147483818,107,490
0,256,1533604010,1533064506,29691,100809
1,256,2147483818,2147483818,107,490
0,512,1983410346,1983086154,47636,161605
1,512,2147483818,2147483818,107,490
0,1024,2139168938,2139115290,53229,180659
1,1024,2147483818,2147483818,107,490
0,2048,2147262634,2147246954,55284,187568
1,2048,2147483818,2147483818,107,490
0,4096,2145329322,2145313930,55843,189450
1,4096,2147483818,2147483818,107,490
0,8192,2147369130,2147353786,53909,182960
1,8192,2147483818,2147483818,107,490
